<?xml version="1.0" encoding="UTF-8"?>
<!DOCTYPE suite SYSTEM "https://testng.org/testng-1.0.dtd">
<suite name="Suite">
<listeners>
		<listener class-name="ExtentReportListener.ExtentReporterNG" />
	</listeners>
  <test thread-count="5" name="Test">
    <classes>  
      <class name="ThirdParty.StandingInstructionProfile"/>
      <class name="ThirdParty.Sweeps"/>
      <class name="ThirdParty.WorkOrder"/>
      <class name="ThirdParty.ExecuteNow"/>
      <class name="ThirdParty.GeneratedSI"/>
      <class name="ThirdParty.Output"/> 
    </classes>
  </test> <!-- Test -->
</suite> <!-- Suite -->
