<?xml version="1.0" encoding="UTF-8"?>
<!DOCTYPE suite SYSTEM "https://testng.org/testng-1.0.dtd">
<suite name="Suite">
<listeners>
		<listener class-name="ExtentReportListener.ExtentReporterNG" />
	</listeners>

  <test thread-count="5" name="Test">
    <classes>
      <class name="NextLevel.AccountHierarchy"/>
      <class name="NextLevel.Sweeps"/>            
      <class name="NextLevel.WorkOrder"/>
      <class name="NextLevel.ExecuteNow"/>
      <class name="NextLevel.GeneratedSI"/>
      <class name="NextLevel.Output"/>
    </classes>
  </test> <!-- Test -->
</suite> <!-- Suite -->
