<?xml version="1.0" encoding="UTF-8"?>
<!DOCTYPE suite SYSTEM "https://testng.org/testng-1.0.dtd">
<suite name="Suite">
<listeners>
		<listener class-name="ExtentReportListener.ExtentReporterNG" />
	</listeners>
  <test thread-count="5" name="Test">
    <classes>      
      <class name="TopLevel.AccountHierarchy"/>      
      <class name="TopLevel.Sweeps"/>
      <class name="TopLevel.WorkOrder"/>
      <class name="TopLevel.ExecuteNow"/>
      <class name="TopLevel.GeneratedSI"/>
      <class name="TopLevel.Output"/>
    </classes>
  </test> <!-- Test -->
</suite> <!-- Suite -->
