<?xml version="1.0" encoding="UTF-8"?>
<!DOCTYPE suite SYSTEM "https://testng.org/testng-1.0.dtd">
<suite name="Suite">
<listeners>
		<listener class-name="ExtentReportListener.ExtentReporterNG" />
	</listeners>
  <test thread-count="5" name="Test">
    <classes>
      <class name="HolidayAction.StandingInstructionProfile"/>
      <class name="HolidayAction.Sweeps"/>
      <class name="HolidayAction.WorkorderCalender"/>      
      <class name="HolidayAction.SchedulerProfile"/>
      <class name="HolidayAction.WsaProfile"/>
      <class name="HolidayAction.GeneratedSI"/>
      <class name="HolidayAction.Output"/>      
    </classes>
  </test> <!-- Test -->
</suite> <!-- Suite -->
