<?xml version="1.0" encoding="UTF-8"?>
<!DOCTYPE suite SYSTEM "https://testng.org/testng-1.0.dtd">
<suite name="Suite">
<listeners>
		<listener class-name="ExtentReportListener.ExtentReporterNG" />
	</listeners>
  <test thread-count="5" name="Test">
    <classes>     
      <class name="SIWsaThirdParty.StandingInstructionProfile"/>
      <class name="SIWsaThirdParty.SweepsProfile"/>      
      <class name="SIWsaThirdParty.WorkOrderProfile"/>
      <class name="SIWsaThirdParty.SchedulerProfile"/>
      <class name="SIWsaThirdParty.WsaProfile"/>
      <class name="SIWsaThirdParty.GeneratedSI"/>
      <class name="SIWsaThirdParty.Output"/>
    </classes>
  </test> <!-- Test -->
</suite> <!-- Suite -->
