<?xml version="1.0" encoding="UTF-8"?>
<!DOCTYPE suite SYSTEM "https://testng.org/testng-1.0.dtd">
<suite name="Suite">
<listeners>
		<listener class-name="ExtentReportListener.ExtentReporterNG" />
	</listeners>
  <test thread-count="5" name="Test">
    <classes>
      <class name="ScheduledPaymentExecution.StandingInstructionProfile"/>
      <class name="ScheduledPaymentExecution.SchedulerProfile"/>
      <class name="ScheduledPaymentExecution.Sweeps"/>
      <class name="ScheduledPaymentExecution.WorkOrderProfile"/>
      <class name="ScheduledPaymentExecution.WsaProfile"/>
    </classes>
  </test> <!-- Test -->
</suite> <!-- Suite -->
