<?xml version="1.0" encoding="UTF-8"?>
<!DOCTYPE suite SYSTEM "https://testng.org/testng-1.0.dtd">
<suite name="Suite">
<listeners>
		<listener class-name="ExtentReportListener.ExtentReporterNG" />
	</listeners>
  <test thread-count="5" name="Test">
    <classes>   
      <class name="SIWSATopLevel.AccountHierarchy"/>
      <class name="SIWSATopLevel.Sweeps"/>
      <class name="SIWSATopLevel.WorkOrder"/>
      <class name="SIWSATopLevel.SchedulerProfile"/>
      <class name="SIWSATopLevel.WsaProfile"/>
      <class name="SIWSATopLevel.GeneratedSI"/>
      <class name="SIWSATopLevel.Output"/>      
    </classes>
  </test> <!-- Test -->
</suite> <!-- Suite -->
