<?xml version="1.0" encoding="UTF-8"?>
<!DOCTYPE suite SYSTEM "https://testng.org/testng-1.0.dtd">
<suite name="Suite">
<listeners>
		<listener class-name="ExtentReportListener.ExtentReporterNG" />
	</listeners>
  <test thread-count="5" name="Test">
    <classes>          
      <class name="SIWsaNextLevel.AccountHierarchy"/>
      <class name="SIWsaNextLevel.Sweeps"/>
      <class name="SIWsaNextLevel.WorkOrder"/>
      <class name="SIWsaNextLevel.SchedulerProfile"/>
      <class name="SIWsaNextLevel.WsaProfile"/>
      <class name="SIWsaNextLevel.GeneratedSI"/>
      <class name="SIWsaNextLevel.Output"/>     
    </classes>
  </test> <!-- Test -->
</suite> <!-- Suite -->
